{"cameraMode":{"drawMode":0,"name":"Shaded","section":"Shading Mode"},"sceneLighting":true,"audioPlay":false,"sceneViewState":{"m_AlwaysRefresh":false,"showFog":true,"showSkybox":true,"showFlares":true,"showImageEffects":true,"showParticleSystems":true,"showVisualEffectGraphs":true,"m_FxEnabled":true},"in2DMode":false,"pivot":{"x":8.291428565979004,"y":4.066987991333008,"z":7.864913463592529},"rotation":{"x":0.05395432189106941,"y":0.026960216462612153,"z":-0.001466983463615179,"w":0.9981959462165833},"size":12.819183349609375,"orthographic":false}